tweet_id	pattern	query	tp
745617580090605568	pattern3	entity_support_x	TRUE
745137293216800768	pattern3	entity_support_x	TRUE
745992562742280193	pattern3	entity_support_x	TRUE
738800111027916800	pattern3	entity_support_x	TRUE
744490524472676352	pattern3	entity_support_x	TRUE
741408695087693824	pattern3	entity_support_x	TRUE
742424459919794176	pattern3	entity_support_x	TRUE
741671758550437888	pattern3	entity_support_x	TRUE
746128097871683586	pattern3	entity_support_x	TRUE
743169067276603393	pattern3	entity_support_x	TRUE
744705579143299072	pattern3	entity_support_x	TRUE
739033056514871296	pattern3	entity_support_x	TRUE
741623224585355264	pattern3	entity_support_x	TRUE
739417587537350656	pattern3	entity_support_x	FALSE
746060301393616897	pattern3	entity_support_x	TRUE
745667078162644993	pattern3	entity_support_x	TRUE
742738410771783680	pattern3	entity_support_x	TRUE
741306627698135040	pattern3	entity_support_x	TRUE
734906083420966913	pattern3	entity_support_x	TRUE
739720547139981312	pattern3	entity_support_x	TRUE
743614448397586432	pattern3	entity_support_x	TRUE
736244357985009664	pattern3	entity_support_x	TRUE
743542839024427008	pattern3	entity_support_x	TRUE
738759751069097985	pattern3	entity_support_x	TRUE
739726066655334400	pattern3	entity_support_x	TRUE
745187938493992960	pattern3	entity_support_x	TRUE
739908006440210432	pattern3	entity_support_x	TRUE
743496929544376320	pattern3	entity_support_x	TRUE
728492475422277632	pattern3	entity_support_x	TRUE
732984174135681025	pattern3	entity_support_x	TRUE
735134676063551489	pattern3	entity_support_x	TRUE
731103603683950592	pattern3	entity_support_x	TRUE
743066822036054016	pattern3	entity_support_x	TRUE
737399107908669440	pattern3	entity_support_x	TRUE
744292067573121024	pattern3	entity_support_x	TRUE
740875857028349953	pattern3	entity_support_x	TRUE
741635564294832128	pattern3	entity_support_x	TRUE
745513653823102976	pattern3	entity_support_x	TRUE
734648133687382016	pattern3	entity_support_x	TRUE
744855359358144512	pattern3	entity_support_x	TRUE
742839473369677830	pattern3	entity_support_x	TRUE
729911117795962882	pattern3	entity_support_x	TRUE
743423532235882496	pattern3	entity_support_x	TRUE
744104724660629504	pattern3	entity_support_x	TRUE
742631689390804992	pattern3	entity_support_x	TRUE
739060467633643521	pattern3	entity_support_x	TRUE
743490873334370304	pattern3	entity_support_x	TRUE
746125176052588545	pattern3	entity_support_x	TRUE
732132548713811968	pattern3	entity_support_x	TRUE
745758064029143040	pattern3	entity_support_x	TRUE
745635429064413190	pattern3	entity_favour_1_impl2	TRUE
742294909428879360	pattern3	entity_favour_1_impl2	TRUE
733723021442220032	pattern3	entity_favour_1_impl2	TRUE
731426340906405888	pattern3	entity_favour_1_impl2	TRUE
736599746291322880	pattern3	entity_favour_1_impl2	TRUE
742678202204737536	pattern3	entity_favour_1_impl2	TRUE
742627407614607360	pattern3	entity_favour_1_impl2	TRUE
744893004134088705	pattern3	entity_favour_1_impl2	TRUE
743095722657079296	pattern3	entity_favour_1_impl2	TRUE
741186671669092353	pattern3	entity_favour_1_impl2	TRUE
742628550059122688	pattern3	entity_favour_1_impl2	TRUE
743125541646180352	pattern3	entity_favour_1_impl2	TRUE
743366602716913664	pattern3	entity_favour_1_impl2	TRUE
745209270552125440	pattern3	entity_favour_1_impl2	TRUE
744455989542420480	pattern3	entity_favour_1_impl2	TRUE
741966870056701952	pattern3	entity_favour_1_impl2	TRUE
742361932913475584	pattern3	entity_favour_1_impl2	TRUE
745744894111559681	pattern3	entity_favour_1_impl2	TRUE
745717901076893696	pattern3	entity_favour_1_impl2	TRUE
742616149121077248	pattern3	entity_favour_1_impl2	TRUE
744985085661818880	pattern3	entity_favour_1_impl2	TRUE
745635554948087808	pattern3	entity_favour_1_impl2	TRUE
745644106836152320	pattern3	entity_favour_1_impl2	TRUE
744381847166038016	pattern3	entity_favour_1_impl2	TRUE
740131661187284992	pattern3	entity_favour_1_impl2	TRUE
741039056033878017	pattern3	entity_favour_1_impl2	TRUE
743271451978006528	pattern3	entity_favour_1_impl2	TRUE
734483548011388928	pattern3	entity_favour_1_impl2	TRUE
742306847374336000	pattern3	entity_favour_1_impl2	TRUE
743366876873400320	pattern3	entity_favour_1_impl2	TRUE
745633954472988673	pattern3	entity_favour_1_impl2	TRUE
732276326644776961	pattern3	entity_favour_1_impl2	TRUE
745328891196284929	pattern3	entity_favour_1_impl2	TRUE
742272902943412224	pattern3	entity_favour_1_impl2	TRUE
736674212815966208	pattern3	entity_favour_1_impl2	TRUE
734832641543962625	pattern3	entity_favour_1_impl2	TRUE
739876964039831552	pattern3	entity_favour_1_impl2	TRUE
729071524318199809	pattern3	entity_favour_1_impl2	TRUE
742501713668636673	pattern3	entity_favour_1_impl2	TRUE
745535301003575296	pattern3	entity_favour_1_impl2	TRUE
745604473381216256	pattern3	entity_favour_1_impl2	FALSE
733669364935745536	pattern3	entity_favour_1_impl2	TRUE
745680338509258752	pattern3	entity_favour_1_impl2	TRUE
746056882788405248	pattern3	entity_favour_1_impl2	TRUE
735756454813016069	pattern3	entity_favour_1_impl2	TRUE
742847981439885312	pattern3	entity_favour_1_impl2	TRUE
742618795722838016	pattern3	entity_favour_1_impl2	TRUE
741913782188802049	pattern3	entity_favour_1_impl2	TRUE
745616092702216193	pattern3	entity_favour_1_impl2	TRUE
742594777586139136	pattern3	entity_favour_1_impl2	TRUE
735959683899523072	pattern3	entity_goes_for_agenda	TRUE
743344598026592256	pattern3	entity_goes_for_agenda	TRUE
744644420658667521	pattern3	entity_goes_for_agenda	TRUE
742841094824677376	pattern3	entity_goes_for_agenda	FALSE
742683500340510720	pattern3	entity_goes_for_agenda	TRUE
740024843840696320	pattern3	entity_goes_for_agenda	TRUE
744847858940116992	pattern3	entity_goes_for_agenda	TRUE
729728193704407042	pattern3	entity_goes_for_agenda	FALSE
746119629135740929	pattern3	entity_goes_for_agenda	TRUE
734689127787077632	pattern3	entity_goes_for_agenda	TRUE
739794153505185792	pattern3	entity_goes_for_agenda	TRUE
730491939146076160	pattern3	entity_goes_for_agenda	TRUE
730086967086616576	pattern3	entity_goes_for_agenda	TRUE
741963136866078720	pattern3	entity_goes_for_agenda	TRUE
745584565721399297	pattern3	entity_goes_for_agenda	TRUE
735651313086783488	pattern3	entity_goes_for_agenda	TRUE
745238749986983936	pattern3	entity_goes_for_agenda	TRUE
731206180530442241	pattern3	entity_goes_for_agenda	TRUE
744165858986057728	pattern3	entity_goes_for_agenda	TRUE
739860863004377088	pattern3	entity_goes_for_agenda	TRUE
744658046136246273	pattern3	entity_goes_for_agenda	TRUE
744472204100919296	pattern3	entity_goes_for_agenda	TRUE
740987902323232768	pattern3	entity_goes_for_agenda	TRUE
746058201519505409	pattern3	entity_goes_for_agenda	TRUE
745585051920900096	pattern3	entity_goes_for_agenda	TRUE
743477784610222080	pattern3	entity_goes_for_agenda	TRUE
744785449659469825	pattern3	entity_goes_for_agenda	TRUE
739826260638093312	pattern3	entity_goes_for_agenda	TRUE
743750933155188737	pattern3	entity_goes_for_agenda	TRUE
745189851541147648	pattern3	entity_goes_for_agenda	TRUE
736940864891695104	pattern3	entity_goes_for_agenda	TRUE
736707876299870208	pattern3	entity_goes_for_agenda	FALSE
737278048542806016	pattern3	entity_goes_for_agenda	TRUE
744471932574273536	pattern3	entity_goes_for_agenda	TRUE
743890194995224576	pattern3	entity_goes_for_agenda	TRUE
740976501554872320	pattern3	entity_goes_for_agenda	TRUE
745302229872181250	pattern3	entity_goes_for_agenda	TRUE
739231136233197569	pattern3	entity_goes_for_agenda	FALSE
742473065565720576	pattern3	entity_goes_for_agenda	TRUE
744842640747790337	pattern3	entity_goes_for_agenda	TRUE
745947299310899200	pattern3	entity_goes_for_agenda	TRUE
744105831629721600	pattern3	entity_goes_for_agenda	TRUE
746022870321631232	pattern3	entity_goes_for_agenda	TRUE
746011001573810176	pattern3	entity_goes_for_agenda	TRUE
742288152543526912	pattern3	entity_goes_for_agenda	TRUE
745215313415933952	pattern3	entity_goes_for_agenda	TRUE
740976006392057856	pattern3	entity_goes_for_agenda	TRUE
744711716840312833	pattern3	entity_goes_for_agenda	TRUE
744859069215817728	pattern3	entity_goes_for_agenda	TRUE
743911707676901376	pattern3	entity_goes_for_agenda	TRUE
738562678835281920	pattern3	entity_s_reasons_for_1	TRUE
739438571657043968	pattern3	entity_s_reasons_for_1	TRUE
742306982833586176	pattern3	entity_s_reasons_for_1	TRUE
729232813870960640	pattern3	entity_s_reasons_for_1	TRUE
745777079896117249	pattern3	entity_s_reasons_for_1	TRUE
736938367431106560	pattern3	entity_s_reasons_for_1	TRUE
731615444247937029	pattern3	entity_s_reasons_for_1	FALSE
743531480207491072	pattern3	entity_s_reasons_for_1	TRUE
743889522769928192	pattern3	entity_s_reasons_for_1	TRUE
745330110660755456	pattern3	entity_s_reasons_for_1	TRUE
745708636199067648	pattern3	entity_s_reasons_for_1	TRUE
745560363370938368	pattern3	entity_s_reasons_for_1	TRUE
741211301297426433	pattern3	entity_s_reasons_for_1	TRUE
740897577105788928	pattern3	entity_s_reasons_for_1	TRUE
733011255514927104	pattern3	entity_s_reasons_for_1	TRUE
745505245514502151	pattern3	entity_s_reasons_for_1	TRUE
734682358444621824	pattern3	entity_s_reasons_for_1	FALSE
738676761018421248	pattern3	entity_s_reasons_for_1	TRUE
742434493064171522	pattern3	entity_s_reasons_for_1	TRUE
735739002943213573	pattern3	entity_s_reasons_for_1	TRUE
742164060729397249	pattern3	entity_s_reasons_for_1	TRUE
743817765413232640	pattern3	entity_s_reasons_for_1	TRUE
740180387155087360	pattern3	entity_s_reasons_for_1	TRUE
738735467680702464	pattern3	entity_s_reasons_for_1	TRUE
741266666110214145	pattern3	entity_s_reasons_for_1	TRUE
731790786883407872	pattern3	entity_s_reasons_for_1	TRUE
738756916323733505	pattern3	entity_s_reasons_for_1	FALSE
741197948726464512	pattern3	entity_s_reasons_for_1	TRUE
732457403396980738	pattern3	entity_s_reasons_for_1	TRUE
739151930396712960	pattern3	entity_s_reasons_for_1	TRUE
739904123198398466	pattern3	entity_s_reasons_for_1	TRUE
741271720775016449	pattern3	entity_s_reasons_for_1	TRUE
745623107520593924	pattern3	entity_s_reasons_for_1	TRUE
732846852064878592	pattern3	entity_s_reasons_for_1	FALSE
742700638254043137	pattern3	entity_s_reasons_for_1	TRUE
733734785282150400	pattern3	entity_s_reasons_for_1	TRUE
745608629320093696	pattern3	entity_s_reasons_for_1	TRUE
731197679208935424	pattern3	entity_s_reasons_for_1	TRUE
745578303487016960	pattern3	entity_s_reasons_for_1	TRUE
734393788681031685	pattern3	entity_s_reasons_for_1	TRUE
742787208134950912	pattern3	entity_s_reasons_for_1	FALSE
729705497218187269	pattern3	entity_s_reasons_for_1	TRUE
743055623378591744	pattern3	entity_s_reasons_for_1	TRUE
746043016335527944	pattern3	entity_s_reasons_for_1	TRUE
744856101636743168	pattern3	entity_s_reasons_for_1	TRUE
744075182940241920	pattern3	entity_s_reasons_for_1	TRUE
743892681391284224	pattern3	entity_s_reasons_for_1	FALSE
741012311834517504	pattern3	entity_s_reasons_for_1	TRUE
731097437759258624	pattern3	entity_s_reasons_for_1	TRUE
739404715713265664	pattern3	entity_s_reasons_for_1	TRUE
736627278566830080	pattern3	x_calls_for_y	TRUE
744041335607463936	pattern3	x_calls_for_y	TRUE
738793270789038080	pattern3	x_calls_for_y	TRUE
731015997868539904	pattern3	x_calls_for_y	TRUE
743727793335214081	pattern3	x_calls_for_y	TRUE
740986552860430336	pattern3	x_calls_for_y	TRUE
745367363411914752	pattern3	x_calls_for_y	TRUE
740217778075017216	pattern3	x_calls_for_y	TRUE
735715759679111170	pattern3	x_calls_for_y	TRUE
742775905366331393	pattern3	x_calls_for_y	TRUE
745684512542187520	pattern3	x_calls_for_y	TRUE
742055948022353920	pattern3	x_calls_for_y	TRUE
745201738961956864	pattern3	x_calls_for_y	TRUE
741346566020169729	pattern3	x_calls_for_y	TRUE
745715271252443136	pattern3	x_calls_for_y	TRUE
734869556360007681	pattern3	x_calls_for_y	TRUE
744883479838597120	pattern3	x_calls_for_y	TRUE
737397487183536134	pattern3	x_calls_for_y	TRUE
734791240575782912	pattern3	x_calls_for_y	TRUE
743118268223922176	pattern3	x_calls_for_y	TRUE
740320287816749056	pattern3	x_calls_for_y	TRUE
734825007147327488	pattern3	x_calls_for_y	TRUE
745679462688161793	pattern3	x_calls_for_y	FALSE
745578582643118081	pattern3	x_calls_for_y	TRUE
745684396741656576	pattern3	x_calls_for_y	TRUE
743687496890888192	pattern3	x_calls_for_y	TRUE
736900653595938816	pattern3	x_calls_for_y	TRUE
736543452868059137	pattern3	x_calls_for_y	TRUE
744446944395796480	pattern3	x_calls_for_y	TRUE
733354199375831040	pattern3	x_calls_for_y	TRUE
741316546417557504	pattern3	x_calls_for_y	TRUE
731788875794944000	pattern3	x_calls_for_y	TRUE
741772199070208000	pattern3	x_calls_for_y	TRUE
739943328800727040	pattern3	x_calls_for_y	TRUE
741635274531213312	pattern3	x_calls_for_y	TRUE
743192845113266176	pattern3	x_calls_for_y	TRUE
739057351400001536	pattern3	x_calls_for_y	TRUE
744161933415309315	pattern3	x_calls_for_y	TRUE
742628641767591936	pattern3	x_calls_for_y	TRUE
741373749056921600	pattern3	x_calls_for_y	TRUE
744166339858866176	pattern3	x_calls_for_y	TRUE
734656247161606144	pattern3	x_calls_for_y	TRUE
745732943843319808	pattern3	x_calls_for_y	TRUE
735428378296254464	pattern3	x_calls_for_y	TRUE
744116133020704768	pattern3	x_calls_for_y	TRUE
741030012116209664	pattern3	x_calls_for_y	TRUE
727747878756745217	pattern3	x_calls_for_y	TRUE
743503312046133248	pattern3	x_calls_for_y	TRUE
743785318466224129	pattern3	x_calls_for_y	TRUE
745291336652324864	pattern3	x_calls_for_y	TRUE
746047605696794625	pattern3	entity_s_goal_to_1	TRUE
734717757997060096	pattern3	entity_s_goal_to_1	TRUE
746035366403145728	pattern3	entity_s_goal_to_1	TRUE
738595752595722241	pattern3	entity_s_goal_to_1	TRUE
741005385620934656	pattern3	entity_s_goal_to_1	TRUE
733716272211329025	pattern3	entity_s_goal_to_1	TRUE
741152238719139841	pattern3	entity_s_goal_to_1	TRUE
743615028817862656	pattern3	entity_s_goal_to_1	TRUE
742409167357542401	pattern3	entity_s_goal_to_1	TRUE
733001799238586369	pattern3	entity_s_goal_to_1	TRUE
733616508803289088	pattern3	entity_s_goal_to_1	TRUE
745344559962591232	pattern3	entity_s_goal_to_1	TRUE
731417350990364672	pattern3	entity_s_goal_to_1	TRUE
745993446708523009	pattern3	entity_s_goal_to_1	TRUE
733617895217881088	pattern3	entity_s_goal_to_1	TRUE
734748733783564288	pattern3	entity_s_goal_to_1	TRUE
741728490161111040	pattern3	entity_s_goal_to_1	TRUE
744573291625582592	pattern3	entity_s_goal_to_1	TRUE
729836338015395840	pattern3	entity_s_goal_to_1	TRUE
741154555635859456	pattern3	entity_s_goal_to_1	TRUE
729976938807300100	pattern3	entity_s_goal_to_1	TRUE
744546354974830592	pattern3	entity_s_goal_to_1	TRUE
744542583335043072	pattern3	entity_s_goal_to_1	TRUE
733611677753606144	pattern3	entity_s_goal_to_1	TRUE
744835168565866496	pattern3	entity_s_goal_to_1	TRUE
745284326493917184	pattern3	entity_s_goal_to_1	TRUE
735059085297586176	pattern3	entity_s_goal_to_1	TRUE
740960287810015232	pattern3	entity_s_goal_to_1	TRUE
733713407342321664	pattern3	entity_s_goal_to_1	TRUE
733713091557359617	pattern3	entity_s_goal_to_1	TRUE
745348559055138816	pattern3	entity_s_goal_to_1	TRUE
741630716262375424	pattern3	entity_s_goal_to_1	TRUE
733611719671484416	pattern3	entity_s_goal_to_1	TRUE
739428591759462401	pattern3	entity_s_goal_to_1	TRUE
743967538774745088	pattern3	entity_s_goal_to_1	TRUE
745579557558820864	pattern3	entity_s_goal_to_1	TRUE
733386117647568901	pattern3	entity_s_goal_to_1	TRUE
740280063896236032	pattern3	entity_s_goal_to_1	TRUE
736779939756793856	pattern3	entity_s_goal_to_1	TRUE
733755254685106176	pattern3	entity_s_goal_to_1	TRUE
738557878169047041	pattern3	entity_s_goal_to_1	TRUE
740830659778859009	pattern3	entity_s_goal_to_1	TRUE
745560848681164800	pattern3	entity_s_goal_to_1	TRUE
733612374897238016	pattern3	entity_s_goal_to_1	TRUE
729719688805109760	pattern3	entity_s_goal_to_1	TRUE
733616088085209088	pattern3	entity_s_goal_to_1	TRUE
740915988577845248	pattern3	entity_s_goal_to_1	TRUE
733391183465074689	pattern3	entity_s_goal_to_1	TRUE
739782224271298560	pattern3	entity_s_goal_to_1	TRUE
744161948116336640	pattern3	entity_s_goal_to_1	TRUE
744801606986694656	pattern3	entity_switched_to_1	TRUE
744846280422207488	pattern3	entity_switched_to_1	TRUE
741538261949140992	pattern3	entity_switched_to_1	TRUE
744504711039025152	pattern3	entity_switched_to_1	TRUE
745383263905021953	pattern3	entity_switched_to_1	TRUE
744786723536658433	pattern3	entity_switched_to_1	TRUE
744636890637287425	pattern3	entity_switched_to_1	TRUE
741289610198822912	pattern3	entity_switched_to_1	TRUE
745340043699625985	pattern3	entity_switched_to_1	TRUE
738482865919430656	pattern3	entity_switched_to_1	TRUE
740888357278994432	pattern3	entity_switched_to_1	TRUE
743953973208580096	pattern3	entity_switched_to_1	TRUE
744039745072807936	pattern3	entity_switched_to_1	TRUE
741397965756059648	pattern3	entity_switched_to_1	TRUE
740902448701804544	pattern3	entity_switched_to_1	TRUE
744595808650149888	pattern3	entity_switched_to_1	TRUE
744810797205860352	pattern3	entity_switched_to_1	TRUE
744739828542078977	pattern3	entity_switched_to_1	TRUE
744296040493355008	pattern3	entity_switched_to_1	TRUE
740818300947554305	pattern3	entity_switched_to_1	TRUE
745202480439562240	pattern3	entity_switched_to_1	TRUE
744766866623766528	pattern3	entity_switched_to_1	TRUE
744834764759306240	pattern3	entity_switched_to_1	TRUE
744846937447342080	pattern3	entity_switched_to_1	TRUE
741344940937076736	pattern3	entity_switched_to_1	TRUE
744777279490822144	pattern3	entity_switched_to_1	TRUE
744772836368101376	pattern3	entity_switched_to_1	TRUE
744862361236946945	pattern3	entity_switched_to_1	TRUE
744863290929586176	pattern3	entity_switched_to_1	TRUE
744844257157062656	pattern3	entity_switched_to_1	TRUE
739065442162069505	pattern3	entity_switched_to_1	TRUE
744661961288351744	pattern3	entity_switched_to_1	TRUE
744789629421817857	pattern3	entity_switched_to_1	TRUE
744655440575926273	pattern3	entity_switched_to_1	TRUE
731761178498740224	pattern3	entity_switched_to_1	TRUE
730823206857216000	pattern3	entity_switched_to_1	TRUE
744133102264586240	pattern3	entity_switched_to_1	TRUE
744906897552191488	pattern3	entity_switched_to_1	TRUE
746040679424471040	pattern3	entity_switched_to_1	TRUE
741011992727674882	pattern3	entity_switched_to_1	TRUE
744771432933122048	pattern3	entity_switched_to_1	TRUE
744761508324839425	pattern3	entity_switched_to_1	TRUE
741923900985094144	pattern3	entity_switched_to_1	TRUE
737185564424830976	pattern3	entity_switched_to_1	TRUE
744638038211452928	pattern3	entity_switched_to_1	TRUE
744793013822513152	pattern3	entity_switched_to_1	TRUE
733448722856738816	pattern3	entity_switched_to_1	TRUE
740668690086174720	pattern3	entity_switched_to_1	TRUE
744841477285511168	pattern3	entity_switched_to_1	TRUE
744877853364326404	pattern3	entity_switched_to_1	TRUE
729839653369597953	pattern3	entity_say_yes_to_x	TRUE
739502349245386753	pattern3	entity_say_yes_to_x	TRUE
743418638321991680	pattern3	entity_say_yes_to_x	TRUE
741522469534715904	pattern3	entity_say_yes_to_x	TRUE
731588561422573569	pattern3	entity_say_yes_to_x	TRUE
730336222585995264	pattern3	entity_say_yes_to_x	TRUE
733895692431822848	pattern3	entity_say_yes_to_x	TRUE
746029325393235968	pattern3	entity_say_yes_to_x	TRUE
744590757231747072	pattern3	entity_say_yes_to_x	TRUE
731593034278838273	pattern3	entity_say_yes_to_x	TRUE
742430144460161024	pattern3	entity_say_yes_to_x	TRUE
731976610291814400	pattern3	entity_say_yes_to_x	TRUE
738640828097306624	pattern3	entity_say_yes_to_x	TRUE
741347757844271104	pattern3	entity_say_yes_to_x	TRUE
744799893898682370	pattern3	entity_say_yes_to_x	TRUE
745678781550039041	pattern3	entity_say_yes_to_x	FALSE
739699432195825665	pattern3	entity_say_yes_to_x	FALSE
743335764998578180	pattern3	entity_say_yes_to_x	TRUE
745746285869830144	pattern3	entity_say_yes_to_x	TRUE
728570628043845632	pattern3	entity_say_yes_to_x	TRUE
731099771209928704	pattern3	entity_say_yes_to_x	TRUE
734856256016502784	pattern3	entity_say_yes_to_x	TRUE
742891910197616640	pattern3	entity_say_yes_to_x	TRUE
740987564337725440	pattern3	entity_say_yes_to_x	TRUE
741592503971876864	pattern3	entity_for_1_exclamation	TRUE
745322163201249281	pattern3	entity_for_1_exclamation	TRUE
745325665495433217	pattern3	entity_for_1_exclamation	TRUE
746044613157330945	pattern3	entity_for_1_exclamation	TRUE
739505026238971905	pattern3	entity_for_1_exclamation	TRUE
745215409369063424	pattern3	entity_for_1_exclamation	FALSE
739926799531008000	pattern3	entity_for_1_exclamation	TRUE
741200106473541632	pattern3	entity_for_1_exclamation	TRUE
745965203402141696	pattern3	entity_for_1_exclamation	TRUE
745262686661910528	pattern3	entity_for_1_exclamation	TRUE
741728471706181632	pattern3	entity_for_1_exclamation	TRUE
741945583485734913	pattern3	entity_for_1_exclamation	TRUE
732243928221667328	pattern3	entity_for_1_exclamation	TRUE
745882567656742912	pattern3	entity_for_1_exclamation	TRUE
744331618639298560	pattern3	entity_for_1_exclamation	TRUE
741052306658107394	pattern3	entity_for_1_exclamation	TRUE
744591180940337152	pattern3	entity_for_1_exclamation	TRUE
737417176769024000	pattern3	entity_for_1_exclamation	TRUE
743344915044671488	pattern3	entity_for_1_exclamation	FALSE
742444773886267392	pattern3	entity_for_1_exclamation	TRUE
745565598885634050	pattern20	entity_s_lie_about	TRUE
737545745117519872	pattern20	entity_s_lie_about	FALSE
741631381156057088	pattern20	entity_s_lie_about	FALSE
743122207249944577	pattern20	entity_s_lie_about	TRUE
746039941650604033	pattern20	entity_s_lie_about	FALSE
740874184113393664	pattern20	entity_s_lie_about	TRUE
740149259681550337	pattern20	entity_s_lie_about	TRUE
735918565900079104	pattern20	entity_s_lie_about	FALSE
745324558983495680	pattern20	entity_s_lie_about	TRUE
743211717203726338	pattern20	entity_s_lie_about	FALSE
740242647042953217	pattern20	entity_s_lie_about	TRUE
741170221503909888	pattern20	entity_s_lie_about	FALSE
743416378300964864	pattern20	entity_s_lie_about	FALSE
741927697564176384	pattern20	entity_s_lie_about	TRUE
731202198500151297	pattern20	entity_s_lie_about	FALSE
741366686180315136	pattern20	entity_s_lie_about	FALSE
735957945289170945	pattern20	entity_s_lie_about	FALSE
738801002879586304	pattern20	entity_s_lie_about	TRUE
743687282020880385	pattern20	entity_s_lie_about	FALSE
744476384840421376	pattern20	entity_s_lie_about	FALSE
745377001612152832	pattern20	entity_s_lie_about	FALSE
729729091327430656	pattern20	entity_s_lie_about	TRUE
736834155544121344	pattern20	entity_s_lie_about	TRUE
742994592937725952	pattern20	entity_s_lie_about	FALSE
734648479889412097	pattern20	entity_s_lie_about	TRUE
745580293982138368	pattern20	entity_s_lie_about	FALSE
745283153586159616	pattern20	entity_s_lie_about	FALSE
735194886761123840	pattern20	entity_s_lie_about	FALSE
742800370406195200	pattern20	entity_s_lie_about	FALSE
739884946806951936	pattern20	entity_s_lie_about	FALSE
735144692631932928	pattern20	entity_s_lie_about	FALSE
745543001737310210	pattern20	entity_s_lie_about	FALSE
738545718399369217	pattern20	entity_s_lie_about	TRUE
735924640133058560	pattern20	entity_s_lie_about	TRUE
743852868487217152	pattern20	entity_s_lie_about	TRUE
729238737771696128	pattern20	entity_s_lie_about	FALSE
737189410198986752	pattern20	entity_s_lie_about	FALSE
742787071287406593	pattern20	entity_s_lie_about	FALSE
744602865348517888	pattern20	entity_s_lie_about	FALSE
741944439334113280	pattern20	entity_s_lie_about	FALSE
742049378525949952	pattern20	entity_s_lie_about	TRUE
731740725491142656	pattern20	entity_s_lie_about	FALSE
735020466826514436	pattern20	entity_s_lie_about	TRUE
740968003320303616	pattern20	entity_s_lie_about	FALSE
741955861346693120	pattern20	entity_s_lie_about	TRUE
734355640068374529	pattern20	entity_s_lie_about	TRUE
738786625774292992	pattern20	entity_s_lie_about	FALSE
730419185751359488	pattern20	entity_s_lie_about	TRUE
743128252244463616	pattern20	entity_s_lie_about	TRUE
739568435546460160	pattern20	entity_s_lie_about	FALSE
745380968408686592	pattern20	entity_lie_about	TRUE
735583201406636032	pattern20	entity_lie_about	TRUE
746042006716063744	pattern20	entity_lie_about	FALSE
741609568489328640	pattern20	entity_lie_about	TRUE
739218636049649664	pattern20	entity_lie_about	TRUE
739373762605387776	pattern20	entity_lie_about	TRUE
745355401898696704	pattern20	entity_lie_about	FALSE
740850942707400704	pattern20	entity_lie_about	FALSE
741025828104994816	pattern20	entity_lie_about	TRUE
730334458012905472	pattern20	entity_lie_about	TRUE
745328878453989376	pattern20	entity_lie_about	TRUE
745576231236689920	pattern20	entity_lie_about	TRUE
743604596669616128	pattern20	entity_lie_about	TRUE
729032231612784640	pattern20	entity_lie_about	TRUE
742843880719147008	pattern20	entity_lie_about	TRUE
734868848114053122	pattern20	entity_lie_about	TRUE
746067607632019456	pattern20	entity_lie_about	TRUE
745358259050131456	pattern20	entity_lie_about	TRUE
734819973231738884	pattern20	entity_lie_about	TRUE
735944186013306880	pattern20	entity_lie_about	TRUE
734480042802196484	pattern20	entity_lie_about	TRUE
736251787309686785	pattern20	entity_lie_about	TRUE
736198683499368448	pattern20	entity_lie_about	TRUE
743349964038823940	pattern20	entity_lie_about	TRUE
744636719090311169	pattern20	entity_lie_about	TRUE
740911690984873985	pattern20	entity_lie_about	TRUE
734370101957394432	pattern20	entity_lie_about	TRUE
745797740278341634	pattern20	entity_lie_about	TRUE
743541407273590784	pattern20	entity_lie_about	TRUE
736864699195752448	pattern20	entity_lie_about	TRUE
745578750977449984	pattern20	entity_lie_about	TRUE
740068497309503488	pattern20	entity_lie_about	TRUE
745866824915496961	pattern20	entity_lie_about	TRUE
743169256334888960	pattern20	entity_lie_about	TRUE
744035654842093569	pattern20	entity_lie_about	TRUE
744567910874624001	pattern20	entity_lie_about	TRUE
736327571101585408	pattern20	entity_lie_about	TRUE
735249546750660608	pattern20	entity_lie_about	TRUE
740993843152183297	pattern20	entity_lie_about	TRUE
745363579348652032	pattern20	entity_lie_about	TRUE
739020146698813440	pattern20	entity_lie_about	TRUE
735947139176620033	pattern20	entity_lie_about	TRUE
743740951844139008	pattern20	entity_lie_about	TRUE
743580608199200768	pattern20	entity_lie_about	TRUE
741681737340575744	pattern20	entity_lie_about	TRUE
735416555366977536	pattern20	entity_lie_about	TRUE
745679057552019458	pattern20	entity_lie_about	TRUE
741027480623026176	pattern20	entity_lie_about	FALSE
739017285432659968	pattern20	entity_lie_about	TRUE
745896843196891136	pattern20	entity_lie_about	TRUE
741641338102415361	pattern20	spread_lies_about	TRUE
739385894101213184	pattern20	spread_lies_about	TRUE
738734787196768258	pattern20	spread_lies_about	FALSE
745345476845801477	pattern20	spread_lies_about	TRUE
739386980828598272	pattern20	spread_lies_about	TRUE
745340016138792960	pattern20	spread_lies_about	TRUE
732231270059659264	pattern20	spread_lies_about	TRUE
741526159175876608	pattern20	spread_lies_about	TRUE
637065975775535104	pattern20	spread_lies_about	FALSE
734454305080610817	pattern20	spread_lies_about	TRUE
745696133285089280	pattern20	spread_lies_about	TRUE
733919269805797377	pattern20	spread_lies_about	TRUE
736897593763069953	pattern20	spread_lies_about	TRUE
739386074091409408	pattern20	spread_lies_about	TRUE
739575959259643909	pattern20	spread_lies_about	TRUE
735439291120259072	pattern20	spread_lies_about	TRUE
742981140294815744	pattern20	spread_lies_about	TRUE
735709308793409537	pattern20	entity_make_up_1	FALSE
739799008407891969	pattern20	entity_make_up_1	TRUE
735415552966066176	pattern20	entity_make_up_1	TRUE
745350796750032896	pattern20	entity_make_up_1	FALSE
743178903657799680	pattern20	entity_make_up_1	TRUE
734450398300409860	pattern20	entity_make_up_1	TRUE
739464192714014720	pattern20	entity_make_up_1	FALSE
733651539349364736	pattern20	entity_make_up_1	TRUE
739238773221953536	pattern20	entity_make_up_1	TRUE
746052669433864193	pattern20	entity_make_up_1	FALSE
741728658486890497	pattern20	entity_make_up_1	FALSE
732228846867632128	pattern20	entity_make_up_1	FALSE
733746804072828930	pattern20	entity_make_up_1	FALSE
741941833610235904	pattern20	entity_make_up_1	TRUE
743737594907766788	pattern20	entity_make_up_1	FALSE
745553230403244032	pattern20	entity_make_up_1	FALSE
733765841708306432	pattern38	entity_warn_that_1	TRUE
731051105069740032	pattern38	entity_warn_that_1	TRUE
735368687914524676	pattern38	entity_warn_that_1	TRUE
743315008512131073	pattern38	entity_warn_that_1	TRUE
729564330866282496	pattern38	entity_warn_that_1	TRUE
729566375891472384	pattern38	entity_warn_that_1	TRUE
743844537869680640	pattern38	entity_warn_that_1	TRUE
732185924335996929	pattern38	entity_warn_that_1	TRUE
730173448538992640	pattern38	entity_warn_that_1	TRUE
744530642310836224	pattern38	entity_warn_that_1	TRUE
729272339456647168	pattern38	entity_warn_that_1	TRUE
734361335136325632	pattern38	entity_warn_that_1	TRUE
731050677309440000	pattern38	entity_warn_that_1	TRUE
729632260534747139	pattern38	entity_warn_that_1	TRUE
739220458113900544	pattern38	entity_warn_that_1	TRUE
744554309795274758	pattern38	entity_warn_that_1	TRUE
743498566321111041	pattern38	entity_warn_that_1	TRUE
745941449154387968	pattern38	entity_warn_that_1	TRUE
729576939934060544	pattern38	entity_warn_that_1	TRUE
741757742457622528	pattern38	entity_warn_that_1	TRUE
737747025064759296	pattern38	entity_warn_that_1	TRUE
734352715850108928	pattern38	entity_warn_that_1	TRUE
744501133079646208	pattern38	entity_warn_that_1	TRUE
734374525970841600	pattern38	entity_warn_that_1	TRUE
735883250216927232	pattern38	entity_warn_that_1	TRUE
735957273026166788	pattern38	entity_warn_that_1	TRUE
744067659478802432	pattern38	entity_warn_that_1	TRUE
732172689226510337	pattern38	entity_warn_that_1	TRUE
740217189492502528	pattern38	entity_warn_that_1	TRUE
742501863359143936	pattern38	entity_warn_that_1	TRUE
743187424507887616	pattern38	entity_warn_that_1	TRUE
742680859942227968	pattern38	entity_warn_that_1	TRUE
729580854159151105	pattern38	entity_warn_that_1	TRUE
729646432240599040	pattern38	entity_warn_that_1	TRUE
743061116109115392	pattern38	entity_warn_that_1	TRUE
735544338403471360	pattern38	entity_warn_that_1	TRUE
744824001843761153	pattern38	entity_warn_that_1	TRUE
744832753536016384	pattern38	entity_warn_that_1	TRUE
744520819867521024	pattern38	entity_warn_that_1	TRUE
742065578517532673	pattern38	entity_warn_that_1	TRUE
734313046668156928	pattern38	entity_warn_that_1	TRUE
740898187783733249	pattern38	entity_warn_that_1	TRUE
735065794556612608	pattern38	entity_warn_that_1	TRUE
743105878266613760	pattern38	entity_warn_that_1	TRUE
731090131986190337	pattern38	entity_warn_that_1	TRUE
729688593111863296	pattern38	entity_warn_that_1	TRUE
731074935142125568	pattern38	entity_warn_that_1	TRUE
744745788681650176	pattern38	entity_warn_that_1	TRUE
739872706473123840	pattern38	entity_warn_that_1	TRUE
742979722913681409	pattern38	entity_warn_that_1	TRUE
737198228207243265	pattern38	entity_says_1_harm_2	TRUE
734380343202091011	pattern38	entity_says_1_harm_2	TRUE
742599874265419776	pattern38	entity_says_1_harm_2	TRUE
745566323325952000	pattern38	entity_says_1_harm_2	TRUE
737052244814663680	pattern38	entity_says_1_harm_2	TRUE
737197152263241728	pattern38	entity_says_1_harm_2	TRUE
736999333707415552	pattern38	entity_says_1_harm_2	TRUE
734788834874003456	pattern38	entity_says_1_harm_2	TRUE
743367232911118336	pattern38	entity_says_1_harm_2	TRUE
729601766682185728	pattern38	entity_says_1_harm_2	TRUE
729613821380284416	pattern38	entity_says_1_harm_2	TRUE
736487484289343488	pattern38	entity_says_1_harm_2	TRUE
736849532265369600	pattern38	entity_says_1_harm_2	TRUE
734667075159916544	pattern38	entity_says_1_harm_2	TRUE
734639017061416961	pattern38	entity_says_1_harm_2	TRUE
729274739458510848	pattern38	entity_says_1_harm_2	TRUE
744511631439372288	pattern38	entity_says_1_harm_2	TRUE
745337228772188165	pattern38	entity_says_1_harm_2	TRUE
736853499682643968	pattern38	entity_says_1_harm_2	TRUE
733880721719349248	pattern38	entity_says_1_harm_2	TRUE
730459949902352384	pattern38	entity_says_1_harm_2	TRUE
745311324943552512	pattern38	entity_says_1_harm_2	TRUE
736976677977231360	pattern38	entity_says_1_harm_2	TRUE
737034556457488385	pattern38	entity_says_1_harm_2	TRUE
745722206492180481	pattern38	entity_says_1_harm_2	TRUE
742687750374064128	pattern38	entity_says_1_harm_2	TRUE
736241982901604354	pattern38	entity_says_1_harm_2	TRUE
745582169880469504	pattern38	entity_says_1_harm_2	TRUE
740856898426179584	pattern38	entity_says_1_harm_2	TRUE
729327011051778048	pattern38	entity_says_1_harm_2	TRUE
740102898948952064	pattern38	entity_says_1_harm_2	TRUE
743608546760208385	pattern38	entity_says_1_harm_2	TRUE
742455507823169536	pattern38	entity_says_1_harm_2	TRUE
731146431415881728	pattern38	entity_says_1_harm_2	TRUE
731139699927056384	pattern38	entity_says_1_harm_2	TRUE
730016256238170112	pattern38	entity_says_1_harm_2	TRUE
729287348144340992	pattern38	entity_says_1_harm_2	TRUE
736821545000132608	pattern38	entity_says_1_harm_2	TRUE
737539819119595521	pattern38	entity_says_1_harm_2	TRUE
745434768242675712	pattern38	entity_says_1_harm_2	TRUE
744656041141506048	pattern38	entity_says_1_harm_2	TRUE
736864947901235201	pattern38	entity_says_1_harm_2	TRUE
742344551927545856	pattern38	entity_says_1_harm_2	TRUE
737233673515307008	pattern38	entity_says_1_harm_2	TRUE
743753276252839936	pattern38	entity_says_1_harm_2	TRUE
746016437345607680	pattern38	entity_says_1_harm_2	FALSE
745595683969859584	pattern38	entity_says_1_harm_2	TRUE
730657556176113665	pattern38	entity_says_1_harm_2	TRUE
744608545732169728	pattern38	entity_says_1_harm_2	TRUE
736117282364137473	pattern38	entity_says_1_harm_2	TRUE
729501927969570817	pattern38	1_would_be_bad_warns_entity	TRUE
734790313554808833	pattern38	1_would_be_bad_warns_entity	TRUE
729500428572856320	pattern38	1_would_be_bad_warns_entity	TRUE
745521680638840832	pattern38	1_would_be_bad_warns_entity	TRUE
736681512830144512	pattern38	1_would_be_bad_warns_entity	TRUE
731062818502524928	pattern38	1_would_be_bad_warns_entity	TRUE
745241330381553665	pattern38	1_would_be_bad_warns_entity	TRUE
740103164234371072	pattern38	1_would_be_bad_warns_entity	TRUE
745664850672615424	pattern38	1_would_be_bad_warns_entity	TRUE
738725825835610112	pattern38	1_would_be_bad_warns_entity	TRUE
735217513986936832	pattern38	1_would_be_bad_warns_entity	TRUE
735426519644971008	pattern38	1_would_be_bad_warns_entity	TRUE
734484037746724864	pattern38	1_would_be_bad_warns_entity	TRUE
742886071080505354	pattern38	1_would_be_bad_warns_entity	TRUE
738677499329187840	pattern38	1_would_be_bad_warns_entity	TRUE
740009307710881797	pattern38	1_would_be_bad_warns_entity	TRUE
745243892015050753	pattern38	1_would_be_bad_warns_entity	TRUE
745241262010171393	pattern38	1_would_be_bad_warns_entity	TRUE
734803107528507393	pattern38	1_would_be_bad_warns_entity	TRUE
731087451708620800	pattern38	1_would_be_bad_warns_entity	TRUE
734446261688926208	pattern38	1_would_be_bad_warns_entity	TRUE
734803074162786307	pattern38	1_would_be_bad_warns_entity	TRUE
743955098183688192	pattern38	1_would_be_bad_warns_entity	TRUE
732429878927101952	pattern38	1_would_be_bad_warns_entity	TRUE
731165189421273088	pattern38	1_would_be_bad_warns_entity	TRUE
743172530278637568	pattern38	1_would_be_bad_warns_entity	TRUE
745305106631929856	pattern38	1_would_be_bad_warns_entity	TRUE
731760549478928384	pattern38	1_would_be_bad_warns_entity	TRUE
739863757241868288	pattern38	1_would_be_bad_warns_entity	TRUE
736147354143870976	pattern38	1_would_be_bad_warns_entity	TRUE
729488479277568000	pattern38	1_would_be_bad_warns_entity	TRUE
734576751838400512	pattern38	1_would_be_bad_warns_entity	TRUE
729490164955922432	pattern38	1_would_be_bad_warns_entity	TRUE
742833276449083392	pattern38	1_would_be_bad_warns_entity	TRUE
745241282558058497	pattern38	1_would_be_bad_warns_entity	TRUE
743944429598285824	pattern38	1_would_be_bad_warns_entity	TRUE
745529096822657024	pattern38	1_would_be_bad_warns_entity	TRUE
734459483561168896	pattern38	1_would_be_bad_warns_entity	TRUE
742044113667784705	pattern38	1_would_be_bad_warns_entity	TRUE
736586288418193408	pattern38	1_would_be_bad_warns_entity	TRUE
745687587071885313	pattern38	1_would_be_bad_warns_entity	TRUE
743968692216672256	pattern38	1_would_be_bad_warns_entity	TRUE
742744911892602880	pattern38	1_would_be_bad_warns_entity	TRUE
741924090265632768	pattern38	1_would_be_bad_warns_entity	TRUE
729583136552701953	pattern38	1_would_be_bad_warns_entity	TRUE
745890107425689601	pattern38	1_would_be_bad_warns_entity	TRUE
734402562649120768	pattern38	1_would_be_bad_warns_entity	TRUE
735382414105550848	pattern38	1_would_be_bad_warns_entity	TRUE
729572805793165312	pattern38	1_would_be_bad_warns_entity	TRUE
735007888268222464	pattern38	1_would_be_bad_warns_entity	TRUE
737206891986583552	pattern38	1_would_destroy_entity_says	TRUE
745588766715293696	pattern38	1_would_destroy_entity_says	TRUE
745593652039290880	pattern38	1_would_destroy_entity_says	TRUE
745590981303599104	pattern38	1_would_destroy_entity_says	TRUE
729238013566406657	pattern38	1_would_destroy_entity_says	TRUE
745332505100824576	pattern38	1_would_destroy_entity_says	TRUE
745661872595165184	pattern38	1_would_destroy_entity_says	TRUE
745604587009118208	pattern38	1_would_destroy_entity_says	TRUE
742238822147198976	pattern38	1_would_destroy_entity_says	FALSE
745590541283270657	pattern38	1_would_destroy_entity_says	TRUE
745595803838754816	pattern38	1_would_destroy_entity_says	TRUE
745594038955302913	pattern38	1_would_destroy_entity_says	TRUE
733622311463620608	pattern38	1_would_destroy_entity_says	TRUE
745597569749876736	pattern38	1_would_destroy_entity_says	TRUE
745595716429570048	pattern38	1_would_destroy_entity_says	TRUE
734476476372914176	pattern38	1_would_destroy_entity_says	TRUE
745592223803138048	pattern38	1_would_destroy_entity_says	TRUE
745604647092555776	pattern38	1_would_destroy_entity_says	TRUE
745585735521148928	pattern38	1_would_destroy_entity_says	TRUE
745584660789477376	pattern38	1_would_destroy_entity_says	TRUE
740100383104720897	pattern38	1_would_destroy_entity_says	TRUE
745596794856308736	pattern38	1_would_destroy_entity_says	TRUE
745586989576101888	pattern38	1_would_destroy_entity_says	TRUE
745662824874151937	pattern38	1_would_destroy_entity_says	TRUE
739758200203976705	pattern38	1_would_destroy_entity_says	FALSE
745599944338378752	pattern38	1_would_destroy_entity_says	TRUE
745938241677893633	pattern38	1_would_destroy_entity_says	TRUE
745596427137474561	pattern38	1_would_destroy_entity_says	TRUE
743039855953862656	pattern38	1_would_destroy_entity_says	FALSE
745595230657740802	pattern38	1_would_destroy_entity_says	TRUE
734342965821333504	pattern38	1_would_destroy_entity_says	TRUE
735458628635897857	pattern38	1_would_destroy_entity_says	FALSE
745593315622592512	pattern38	1_would_destroy_entity_says	TRUE
738982901182783489	pattern38	1_would_destroy_entity_says	FALSE
745781385072349184	pattern38	1_would_destroy_entity_says	TRUE
745836683459985409	pattern38	1_would_destroy_entity_says	TRUE
745612715360681985	pattern38	1_would_destroy_entity_says	TRUE
742414218977239040	pattern38	1_would_destroy_entity_says	FALSE
745645183014928384	pattern38	1_would_destroy_entity_says	TRUE
745604624267116545	pattern38	1_would_destroy_entity_says	TRUE
733601693313687552	pattern38	1_would_destroy_entity_says	TRUE
742545559764926464	pattern38	1_would_destroy_entity_says	FALSE
739923255000190976	pattern38	1_would_destroy_entity_says	FALSE
745601506708066304	pattern38	1_would_destroy_entity_says	TRUE
741930961215062016	pattern38	1_would_destroy_entity_says	FALSE
745992064412880896	pattern38	1_would_destroy_entity_says	TRUE
745609831076093952	pattern38	1_would_destroy_entity_says	TRUE
729422672908701696	pattern38	1_would_destroy_entity_says	TRUE
745588734314176512	pattern38	1_would_destroy_entity_says	TRUE
745598689628938240	pattern38	1_would_destroy_entity_says	TRUE
742359266993045504	pattern38	1_would_destroy_says_entity	TRUE
743985008612802560	pattern38	1_would_destroy_says_entity	TRUE
731127757430607873	pattern38	1_would_destroy_says_entity	TRUE
746053532525047808	pattern38	1_would_destroy_says_entity	FALSE
734507808465506309	pattern38	1_would_destroy_says_entity	TRUE
742735745098600448	pattern38	1_would_destroy_says_entity	TRUE
730127299966861312	pattern38	1_would_destroy_says_entity	TRUE
734741571912900608	pattern38	1_would_destroy_says_entity	TRUE
730040962710265856	pattern38	1_would_destroy_says_entity	TRUE
743026540510912512	pattern38	1_would_destroy_says_entity	TRUE
742422659791626240	pattern38	1_would_destroy_says_entity	TRUE
734172831626473472	pattern38	1_would_destroy_says_entity	TRUE
729685304685297664	pattern38	1_would_destroy_says_entity	TRUE
741204688083779584	pattern38	1_would_destroy_says_entity	TRUE
730172032793640960	pattern38	1_would_destroy_says_entity	TRUE
732168801119305728	pattern38	1_would_destroy_says_entity	TRUE
743233086788407297	pattern38	1_would_destroy_says_entity	FALSE
742699929861132290	pattern38	1_would_destroy_says_entity	TRUE
734181501340946433	pattern38	1_would_destroy_says_entity	TRUE
735864455221940224	pattern38	1_would_destroy_says_entity	TRUE
743868275705024512	pattern38	1_would_destroy_says_entity	TRUE
730307705085276160	pattern38	1_would_destroy_says_entity	TRUE
734717783401988096	pattern38	1_would_destroy_says_entity	TRUE
741154587453837313	pattern38	1_would_destroy_says_entity	TRUE
745560004330086400	pattern38	1_would_destroy_says_entity	TRUE
728620858080530432	pattern38	1_would_destroy_says_entity	TRUE
743071087957815296	pattern38	1_would_destroy_says_entity	TRUE
741008760290856960	pattern38	1_would_destroy_says_entity	FALSE
734184666635210752	pattern38	1_would_destroy_says_entity	TRUE
742383413508886529	pattern38	1_would_destroy_says_entity	TRUE
746081649754963968	pattern38	1_would_destroy_says_entity	TRUE
731032001243979776	pattern38	1_would_destroy_says_entity	TRUE
743409496698028032	pattern38	1_would_destroy_says_entity	TRUE
733720924059512832	pattern38	1_would_destroy_says_entity	TRUE
737303268125216768	pattern38	1_would_destroy_says_entity	TRUE
730040965096857602	pattern38	1_would_destroy_says_entity	TRUE
744459973262999552	pattern38	1_would_destroy_says_entity	TRUE
739548324534071296	pattern38	1_would_destroy_says_entity	FALSE
730497333058752513	pattern38	1_would_destroy_says_entity	TRUE
735808925765799937	pattern38	1_would_destroy_says_entity	TRUE
729335476528746496	pattern38	1_would_destroy_says_entity	TRUE
743458138188197890	pattern38	1_would_destroy_says_entity	TRUE
725621055126134784	pattern38	1_would_destroy_says_entity	TRUE
735097464064090116	pattern38	1_would_destroy_says_entity	TRUE
745300764139130880	pattern38	1_would_destroy_says_entity	TRUE
742705440681807872	pattern38	1_would_destroy_says_entity	TRUE
745971022441103360	pattern38	1_would_destroy_says_entity	TRUE
730064080900399104	pattern38	1_would_destroy_says_entity	TRUE
734159365297438720	pattern38	1_would_destroy_says_entity	TRUE
740225482512289796	pattern38	1_would_destroy_says_entity	TRUE
